<?xml version="1.0" encoding="UTF-8"?>
<beans xmlns="http://www.springframework.org/schema/beans"
	xmlns:context="http://www.springframework.org/schema/context"
	xmlns:xsi="http://www.w3.org/2001/XMLSchema-instance"
	xsi:schemaLocation=" http://www.springframework.org/schema/beans 
	http://www.springframework.org/schema/beans/spring-beans.xsd
	http://www.springframework.org/schema/context http://www.springframework.org/schema/context/spring-context.xsd">

	<bean id="cricket" class="com.jspiders.spring.bean.CricketBean" autowire="constructor">
		<property name="noOfPlayers" value="11"></property>
		<property name="type" value="T20"></property>
		<property name="name" value="JSpiders"></property>	
	</bean>
	
	<bean id="batBall3" class="com.jspiders.spring.bean.BatAndBall">
		<property name="colour" value="Black"></property>
		<property name="brand" value="Kookabura"></property>
		<property name="price" value="290"></property>
	</bean>
	
	<bean id="batBall" class="com.jspiders.spring.bean.BatAndBall"/>
<!-- <context:component-scan base-package="com.om.mvc"/> -->
</beans>