<?xml version="1.0" encoding="UTF-8"?>
<beans xmlns="http://www.springframework.org/schema/beans"
	xmlns:context="http://www.springframework.org/schema/context"
	xmlns:xsi="http://www.w3.org/2001/XMLSchema-instance"
	xsi:schemaLocation=" http://www.springframework.org/schema/beans 
	http://www.springframework.org/schema/beans/spring-beans.xsd
	http://www.springframework.org/schema/context http://www.springframework.org/schema/context/spring-context.xsd">


	<bean id="ipl" class="com.jspiders.spring.bean.IplBean">
		<property name="winningPrice" value="123456"></property>
		<property name="season" value="Season10"></property>
		<property name="noOfTeams" value="8"></property>
	</bean>
	
	<bean id="ipl1" class="com.jspiders.spring.bean.IplBean">
		<property name="winningPrice" value="5000000"/>
		<property name="season" value="Season11"></property>
		<property name="noOfTeams" value="8"></property>
	</bean>
</beans>