<?xml version="1.0" encoding="UTF-8"?>
<beans xmlns="http://www.springframework.org/schema/beans"
	xmlns:context="http://www.springframework.org/schema/context"
	xmlns:xsi="http://www.w3.org/2001/XMLSchema-instance"
	xsi:schemaLocation=" http://www.springframework.org/schema/beans 
	http://www.springframework.org/schema/beans/spring-beans.xsd
	http://www.springframework.org/schema/context http://www.springframework.org/schema/context/spring-context.xsd">

	<!-- <bean id="food" class="com.jspiders.spring.bean.FoodBean">
		<property name="foodName" value="Biryani Noodles"/>
		<property name="cost" value="119.99"></property>
		<property name="quantity" value="30"/>
	</bean> -->
	
	<bean id="foodBean" class="com.jspiders.spring.bean.FoodBean">
		<property name="foodName" value="Idli"/>
		<property name="cost" value="100"></property>
		<property name="quantity" value="30"/>
		<constructor-arg value="Parota"/>
		<constructor-arg value="30000"/>
	</bean>
	
</beans>