<?xml version="1.0" encoding="UTF-8"?>
<beans xmlns="http://www.springframework.org/schema/beans"
	xmlns:context="http://www.springframework.org/schema/context"
	xmlns:xsi="http://www.w3.org/2001/XMLSchema-instance"
	xsi:schemaLocation=" http://www.springframework.org/schema/beans 
	http://www.springframework.org/schema/beans/spring-beans.xsd
	http://www.springframework.org/schema/context http://www.springframework.org/schema/context/spring-context.xsd">

	<bean id="gun" class="com.jspiders.di.bean.GunBean">
		<!-- <property name="bullet" ref="bulletBean"></property> -->
		<constructor-arg ref="bulletBean"></constructor-arg>
	</bean>

	<bean id="bulletBean" class="com.jspiders.di.bean.BulletBean">
	</bean>
</beans>