<?xml version="1.0" encoding="UTF-8"?>
<beans xmlns="http://www.springframework.org/schema/beans"
	xmlns:context="http://www.springframework.org/schema/context"
	xmlns:xsi="http://www.w3.org/2001/XMLSchema-instance"
	xsi:schemaLocation=" http://www.springframework.org/schema/beans 
	http://www.springframework.org/schema/beans/spring-beans.xsd
	http://www.springframework.org/schema/context http://www.springframework.org/schema/context/spring-context.xsd">

	<bean id="browser" class="org.jspider.di.bean.BrowserBean">
		<property name="name" value="Google Chrome"></property>
		<property name="version" value="5.7"></property>
		<constructor-arg ref="iBean"></constructor-arg>
		<!-- <property name="internet" ref="iBean"></property> -->
	</bean>
	
	<bean id="iBean" class="org.jspider.di.bean.InternetBean">
		<constructor-arg name="providename" value="jio"></constructor-arg>
		<constructor-arg name="speed" value="700"></constructor-arg>
	</bean>
</beans>