<?xml version="1.0" encoding="UTF-8"?>
<beans xmlns="http://www.springframework.org/schema/beans"
	xmlns:context="http://www.springframework.org/schema/context"
	xmlns:xsi="http://www.w3.org/2001/XMLSchema-instance"
	xsi:schemaLocation=" http://www.springframework.org/schema/beans 
	http://www.springframework.org/schema/beans/spring-beans.xsd
	http://www.springframework.org/schema/context http://www.springframework.org/schema/context/spring-context.xsd">


	<bean id="mock" class="com.jspiders.spring.di.bean.MockBean">
		<property name="course" value="Spring"></property>
		<property name="rating" value="5"></property>
	</bean> 
	
	<bean id="interview" class="com.jspiders.spring.di.bean.InterviewBean">
		<property name="skills" value="Spring"></property>
		<property name="ctc" value="5"></property>
		<property name="yearsOfExperience" value="0"></property>
		<property  name="mockBean" ref="mock"></property>
	</bean>
<!-- <context:component-scan base-package="com.om.mvc"/> -->
</beans>