<?xml version="1.0" encoding="UTF-8"?>
<beans xmlns="http://www.springframework.org/schema/beans"
	xmlns:context="http://www.springframework.org/schema/context"
	xmlns:xsi="http://www.w3.org/2001/XMLSchema-instance"
	xsi:schemaLocation=" http://www.springframework.org/schema/beans 
	http://www.springframework.org/schema/beans/spring-beans.xsd
	http://www.springframework.org/schema/context http://www.springframework.org/schema/context/spring-context.xsd">


	<bean id="atm1" class="com.jspiders.spring.bean.ATMBean">
		<property name="name" value="HDFC"></property>
		<property name="branch" value="BTM"></property>
	</bean>
	
	<bean id="atm2" class="com.jspiders.spring.bean.ATMBean"></bean>
	
<!-- <context:component-scan base-package="com.om.mvc"/> -->
</beans>