<?xml version="1.0" encoding="UTF-8"?>
<beans xmlns="http://www.springframework.org/schema/beans"
	xmlns:context="http://www.springframework.org/schema/context"
	xmlns:xsi="http://www.w3.org/2001/XMLSchema-instance"
	xsi:schemaLocation=" http://www.springframework.org/schema/beans 
	http://www.springframework.org/schema/beans/spring-beans.xsd
	http://www.springframework.org/schema/context http://www.springframework.org/schema/context/spring-context.xsd">

	<bean id="food1" class="com.jspiders.spring.bean.FoodBean" scope="prototype">
		<!-- <constructor-arg value="Pizza"></constructor-arg>	
		<constructor-arg value="25"></constructor-arg>
		<property name="price" value="200"></property> -->
	</bean>
	
	


</beans>