<?xml version="1.0" encoding="UTF-8"?>
<beans xmlns="http://www.springframework.org/schema/beans"
	xmlns:context="http://www.springframework.org/schema/context"
	xmlns:xsi="http://www.w3.org/2001/XMLSchema-instance"
	xsi:schemaLocation=" http://www.springframework.org/schema/beans 
	http://www.springframework.org/schema/beans/spring-beans.xsd
	http://www.springframework.org/schema/context http://www.springframework.org/schema/context/spring-context.xsd">

	<bean id="hero" class="com.jspiders.spring.bean.SuperHeroBean">
		<property name="name" value="RahulGandhi"></property>
		<property name="superPower" value="Making Fun/Comedy"></property>
		<property name="height" value="5.8"></property>
		<property name="id" value="420"></property>
	</bean>

</beans>