<?xml version="1.0" encoding="UTF-8"?>
<beans xmlns="http://www.springframework.org/schema/beans"
	xmlns:context="http://www.springframework.org/schema/context"
	xmlns:xsi="http://www.w3.org/2001/XMLSchema-instance"
	xsi:schemaLocation=" http://www.springframework.org/schema/beans 
	http://www.springframework.org/schema/beans/spring-beans.xsd
	http://www.springframework.org/schema/context http://www.springframework.org/schema/context/spring-context.xsd">


	<bean id="food" class="com.jspiders.spring.bean.FoodBean">
		<constructor-arg value="Biryani"></constructor-arg>
		<constructor-arg value="220.50"></constructor-arg>
		<property name="type" value="nonVeg"></property>
		<property name="quantity" value="65"></property>
	</bean>	
<!-- <context:component-scan base-package="com.om.mvc"/> -->
</beans>