<?xml version="1.0" encoding="UTF-8"?>
<beans xmlns="http://www.springframework.org/schema/beans"
	xmlns:context="http://www.springframework.org/schema/context"
	xmlns:xsi="http://www.w3.org/2001/XMLSchema-instance"
	xsi:schemaLocation=" http://www.springframework.org/schema/beans 
	http://www.springframework.org/schema/beans/spring-beans.xsd
	http://www.springframework.org/schema/context http://www.springframework.org/schema/context/spring-context.xsd">
	
	<bean id="mobile" class="com.jspider.spring.bean.MobileBean">
		<property name="model" value="j5prime"></property>
		<property name="cost" value="15000"></property>
		<property name="color" value="black"></property>
		<property name="batteryBean" ref="battery"></property>
	</bean>
	
	<bean id="battery" class="com.jspider.spring.bean.BatteryBean">
		<property name="type" value="LionMah"></property>
		<property name="capacity" value="4000"></property>
	</bean>

</beans>