<?xml version="1.0" encoding="UTF-8"?>
<beans xmlns="http://www.springframework.org/schema/beans"
	xmlns:context="http://www.springframework.org/schema/context"
	xmlns:xsi="http://www.w3.org/2001/XMLSchema-instance"
	xsi:schemaLocation=" http://www.springframework.org/schema/beans 
	http://www.springframework.org/schema/beans/spring-beans.xsd
	http://www.springframework.org/schema/context http://www.springframework.org/schema/context/spring-context.xsd">

	<bean id="pen" class="com.jspiders.di.bean.PenBean" autowire="byName">
		<property name="brand" value="Reynolds"></property>
	</bean>
	
	<bean id="inkBean" class="com.jspiders.di.bean.InkBean">
		<property name="colour" value="Blue"></property>
	</bean>
	
	<bean id="ink1" class="com.jspiders.di.bean.InkBean">
		<property name="colour" value="Blue"></property>
	</bean>
	
</beans>